Estimate,Std. Error,t value,Pr(>|t|)
Xtree10<->2,0.034,0.00577,5.96,1.0e-03
Xtree10<->1,-0.02,0.00577,-3.55,1.2e-02
Xtree9<->10,0.026,0.00666,3.96,7.4e-03
Xtree9<->3,-0.031,0.00471,-6.48,6.4e-04
Xtree8<->4,-0.02,0.00471,-4.19,5.8e-03
Xtree8<->9,0.075,0.00588,12.85,1.4e-05
Xtree7<->6,-0.008,0.00577,-1.32,2.3e-01
Xtree7<->5,0.007,0.00577,1.24,2.6e-01
Xtree7<->8,0.018,0.00666,2.75,3.3e-02
